{
	"credit": "Made with Blockbench",
	"textures": {
		"particle": "chaos_sabre"
	},
	"elements": [
		{
			"from": [1, 1, 7.7],
			"to": [1.5, 1.5, 8.2],
			"color": 7,
			"faces": {
				"north": {"uv": [0, 0, 0.5, 0.5], "texture": "#missing"},
				"east": {"uv": [0, 0, 0.5, 0.5], "texture": "#missing"},
				"south": {"uv": [0, 0, 0.5, 0.5], "texture": "#missing"},
				"west": {"uv": [0, 0, 0.5, 0.5], "texture": "#missing"},
				"up": {"uv": [0, 0, 0.5, 0.5], "texture": "#missing"},
				"down": {"uv": [0, 0, 0.5, 0.5], "texture": "#missing"}
			}
		}
	],
	"display": {
		"thirdperson_righthand": {
			"rotation": [69.5, 90, -22],
			"translation": [0.5, 7.5, 1.75],
			"scale": [0.96, 0.96, 0.45]
		},
		"thirdperson_lefthand": {
			"rotation": [-39, -92.5, -87.5],
			"translation": [0.25, 7.5, 1.75],
			"scale": [0.96, 0.96, 0.45]
		},
		"firstperson_righthand": {
			"rotation": [0, 79, 0],
			"translation": [1.75, 6.25, -2],
			"scale": [0.9, 0.9, 0.3]
		},
		"firstperson_lefthand": {
			"rotation": [0, -106, 0],
			"translation": [2.75, 6.25, -2.5],
			"scale": [0.9, 0.9, 0.3]
		},
		"ground": {
			"translation": [0, 4, 0]
		},
		"fixed": {
			"translation": [0, 0, 1]
		}
	},
	"groups": [
		{
			"name": "0",
			"origin": [8, 8, 8],
			"color": 0,
			"children": []
		},
		0
	]
}