{
	"credit": "Made with Blockbench",
	"textures": {
		"0": "block/prismarine_bricks",
		"1": "block/basalt_side",
		"2": "block/gold_block",
		"particle": "block/prismarine_bricks"
	},
	"elements": [
		{
			"from": [7, 8, 6],
			"to": [9, 9, 10],
			"faces": {
				"north": {"uv": [0, 0, 2, 1], "texture": "#1"},
				"east": {"uv": [0, 0, 4, 1], "texture": "#1"},
				"south": {"uv": [0, 0, 2, 1], "texture": "#1"},
				"west": {"uv": [0, 0, 4, 1], "texture": "#1"},
				"up": {"uv": [0, 0, 2, 4], "texture": "#1"},
				"down": {"uv": [0, 0, 2, 4], "texture": "#1"}
			}
		},
		{
			"from": [7, 2.5, 6.75],
			"to": [9, 3, 9.25],
			"faces": {
				"north": {"uv": [0, 0, 2, 0.5], "texture": "#1"},
				"east": {"uv": [0, 0, 2.5, 0.5], "texture": "#1"},
				"south": {"uv": [0, 0, 2, 0.5], "texture": "#1"},
				"west": {"uv": [0, 0, 2.5, 0.5], "texture": "#1"},
				"up": {"uv": [0, 0, 2, 2.5], "texture": "#1"},
				"down": {"uv": [0, 0, 2, 2.5], "texture": "#1"}
			}
		},
		{
			"from": [7, 0.5, 6.5],
			"to": [9, 2.5, 7],
			"rotation": {"angle": 0, "axis": "y", "origin": [7, 5, 7]},
			"faces": {
				"north": {"uv": [0, 0, 2, 2], "rotation": 180, "texture": "#1"},
				"east": {"uv": [0, 0, 2, 0.5], "rotation": 270, "texture": "#1"},
				"south": {"uv": [0, 0, 2, 2], "texture": "#1"},
				"west": {"uv": [0, 0, 2, 0.5], "rotation": 90, "texture": "#1"},
				"up": {"uv": [0, 0, 2, 0.5], "rotation": 180, "texture": "#1"},
				"down": {"uv": [0, 0, 2, 0.5], "texture": "#1"}
			}
		},
		{
			"from": [7, 0.5, 9],
			"to": [9, 2.5, 9.5],
			"rotation": {"angle": 0, "axis": "y", "origin": [7, 5, 7]},
			"faces": {
				"north": {"uv": [0, 0, 2, 2], "rotation": 180, "texture": "#1"},
				"east": {"uv": [0, 0, 2, 0.5], "rotation": 270, "texture": "#1"},
				"south": {"uv": [0, 0, 2, 2], "texture": "#1"},
				"west": {"uv": [0, 0, 2, 0.5], "rotation": 90, "texture": "#1"},
				"up": {"uv": [0, 0, 2, 0.5], "rotation": 180, "texture": "#1"},
				"down": {"uv": [0, 0, 2, 0.5], "texture": "#1"}
			}
		},
		{
			"from": [7, 0, 6.75],
			"to": [9, 0.5, 9.25],
			"faces": {
				"north": {"uv": [0, 0, 2, 0.5], "texture": "#1"},
				"east": {"uv": [0, 0, 2.5, 0.5], "texture": "#1"},
				"south": {"uv": [0, 0, 2, 0.5], "texture": "#1"},
				"west": {"uv": [0, 0, 2.5, 0.5], "texture": "#1"},
				"up": {"uv": [0, 0, 2, 2.5], "texture": "#1"},
				"down": {"uv": [0, 0, 2, 2.5], "texture": "#1"}
			}
		},
		{
			"from": [7, 12, 6],
			"to": [9, 13, 10],
			"faces": {
				"north": {"uv": [0, 0, 2, 1], "texture": "#1"},
				"east": {"uv": [0, 0, 4, 1], "texture": "#1"},
				"south": {"uv": [0, 0, 2, 1], "texture": "#1"},
				"west": {"uv": [0, 0, 4, 1], "texture": "#1"},
				"up": {"uv": [0, 0, 2, 4], "texture": "#1"},
				"down": {"uv": [0, 0, 2, 4], "texture": "#1"}
			}
		},
		{
			"from": [7, 9, 9.5],
			"to": [9, 12, 10.5],
			"rotation": {"angle": 0, "axis": "x", "origin": [7, 5, 7]},
			"faces": {
				"north": {"uv": [0, 0, 2, 3], "rotation": 180, "texture": "#1"},
				"east": {"uv": [0, 0, 3, 1], "rotation": 270, "texture": "#1"},
				"south": {"uv": [0, 0, 2, 3], "texture": "#1"},
				"west": {"uv": [0, 0, 3, 1], "rotation": 90, "texture": "#1"},
				"up": {"uv": [0, 0, 2, 1], "rotation": 180, "texture": "#1"},
				"down": {"uv": [0, 0, 2, 1], "texture": "#1"}
			}
		},
		{
			"from": [7, 9, 5.5],
			"to": [9, 12, 6.5],
			"rotation": {"angle": 0, "axis": "y", "origin": [7, 5, 7]},
			"faces": {
				"north": {"uv": [0, 0, 2, 3], "rotation": 180, "texture": "#1"},
				"east": {"uv": [0, 0, 3, 1], "rotation": 270, "texture": "#1"},
				"south": {"uv": [0, 0, 2, 3], "texture": "#1"},
				"west": {"uv": [0, 0, 3, 1], "rotation": 90, "texture": "#1"},
				"up": {"uv": [0, 0, 2, 1], "rotation": 180, "texture": "#1"},
				"down": {"uv": [0, 0, 2, 1], "texture": "#1"}
			}
		},
		{
			"from": [7.25, 3, 7.25],
			"to": [8.75, 8, 8.75],
			"faces": {
				"north": {"uv": [0, 0, 1.5, 5], "texture": "#0"},
				"east": {"uv": [0, 0, 1.5, 5], "texture": "#0"},
				"south": {"uv": [0, 0, 1.5, 5], "texture": "#0"},
				"west": {"uv": [0, 0, 1.5, 5], "texture": "#0"},
				"up": {"uv": [0, 0, 1.5, 1.5], "texture": "#0"},
				"down": {"uv": [0, 0, 1.5, 1.5], "texture": "#0"}
			}
		},
		{
			"from": [7.5, 13, 6.5],
			"to": [8.5, 30, 9.5],
			"faces": {
				"north": {"uv": [6, 2, 7, 16], "texture": "#2"},
				"east": {"uv": [6, 2, 9, 16], "texture": "#2"},
				"south": {"uv": [6, 2, 7, 16], "texture": "#2"},
				"west": {"uv": [7, 2, 10, 16], "texture": "#2"},
				"up": {"uv": [6, 2, 7, 5], "texture": "#2"},
				"down": {"uv": [6, 2, 7, 5], "texture": "#2"}
			}
		},
		{
			"from": [7.5, 30, 7],
			"to": [8.5, 31, 9],
			"faces": {
				"north": {"uv": [6, 2, 7, 3], "texture": "#2"},
				"east": {"uv": [6, 2, 8, 3], "texture": "#2"},
				"south": {"uv": [6, 2, 7, 3], "texture": "#2"},
				"west": {"uv": [7, 2, 9, 3], "texture": "#2"},
				"up": {"uv": [6, 2, 7, 4], "texture": "#2"},
				"down": {"uv": [6, 2, 7, 4], "texture": "#2"}
			}
		}
	],
	"gui_light": "front",
	"display": {
		"thirdperson_righthand": {
			"translation": [0, 0.75, 1.25]
		},
		"thirdperson_lefthand": {
			"translation": [0, 1.75, 1.25]
		},
		"ground": {
			"translation": [0, 4, 0]
		},
		"gui": {
			"rotation": [-90, 45, 90],
			"translation": [2.75, -2.75, 0],
			"scale": [0.8, 0.8, 0.8]
		},
		"head": {
			"translation": [0, 14.25, 0]
		},
		"fixed": {
			"rotation": [-180, 89.75, -180]
		}
	}
}