{
	"credit": "Made with Blockbench",
	"textures": {
		"0": "block/bone_block_side",
		"1": "block/red_glazed_terracotta",
		"2": "block/gold_block",
		"particle": "block/bone_block_side"
	},
	"elements": [
		{
			"from": [7, 0, 6],
			"to": [9, 1, 8],
			"faces": {
				"north": {"uv": [0, 0, 2, 1], "texture": "#2"},
				"east": {"uv": [0, 0, 2, 1], "texture": "#2"},
				"south": {"uv": [0, 0, 2, 1], "texture": "#2"},
				"west": {"uv": [0, 0, 2, 1], "texture": "#2"},
				"up": {"uv": [0, 0, 2, 2], "texture": "#2"},
				"down": {"uv": [0, 0, 2, 2], "texture": "#2"}
			}
		},
		{
			"from": [6.5, 8, 5.5],
			"to": [9.5, 8.5, 8.5],
			"faces": {
				"north": {"uv": [6, 5, 9, 5.5], "texture": "#2"},
				"east": {"uv": [6, 5, 9, 5.5], "texture": "#2"},
				"south": {"uv": [6, 5, 9, 5.5], "texture": "#2"},
				"west": {"uv": [6, 5, 9, 5.5], "texture": "#2"},
				"up": {"uv": [6, 5, 9, 8], "texture": "#2"},
				"down": {"uv": [6, 5, 9, 8], "texture": "#2"}
			}
		},
		{
			"from": [7.25, 1, 6.25],
			"to": [8.75, 8, 7.75],
			"faces": {
				"north": {"uv": [0, 0, 1.5, 7], "texture": "#1"},
				"east": {"uv": [0, 0, 1.5, 7], "texture": "#1"},
				"south": {"uv": [0, 0, 1.5, 7], "texture": "#1"},
				"west": {"uv": [0, 0, 1.5, 7], "texture": "#1"},
				"up": {"uv": [0, 0, 1.5, 1.5], "texture": "#missing"},
				"down": {"uv": [0, 0, 1.5, 1.5], "texture": "#missing"}
			}
		},
		{
			"from": [7.75, 8.25, 6],
			"to": [8.25, 29.25, 8],
			"faces": {
				"north": {"uv": [0, 0, 0.5, 16], "texture": "#0"},
				"east": {"uv": [0, 0, 2, 16], "texture": "#0"},
				"south": {"uv": [0, 0, 0.5, 16], "texture": "#0"},
				"west": {"uv": [0, 0, 2, 16], "texture": "#0"},
				"up": {"uv": [0, 0, 0.5, 2], "texture": "#0"},
				"down": {"uv": [0, 0, 0.5, 2], "texture": "#0"}
			}
		},
		{
			"from": [7.75, 29.25, 7],
			"to": [8.25, 30.25, 8],
			"faces": {
				"north": {"uv": [0, 0, 0.5, 1], "texture": "#0"},
				"east": {"uv": [0, 0, 1, 1], "texture": "#0"},
				"south": {"uv": [0, 0, 0.5, 1], "texture": "#0"},
				"west": {"uv": [0, 0, 1, 1], "texture": "#0"},
				"up": {"uv": [0, 0, 0.5, 1], "texture": "#0"},
				"down": {"uv": [0, 0, 0.5, 1], "texture": "#0"}
			}
		}
	],
	"gui_light": "front",
	"display": {
		"thirdperson_righthand": {
			"translation": [0, 1, 2.5]
		},
		"thirdperson_lefthand": {
			"translation": [0, 1, 2.5]
		},
		"firstperson_righthand": {
			"translation": [0, 0.5, 0]
		},
		"firstperson_lefthand": {
			"translation": [0, 0.5, 0]
		},
		"ground": {
			"translation": [0, 4.25, 0]
		},
		"gui": {
			"rotation": [-90, 45, 90],
			"translation": [3.25, -2, 0],
			"scale": [0.8, 0.8, 0.8]
		},
		"head": {
			"translation": [0, 14, 0]
		},
		"fixed": {
			"rotation": [0, -90, 0]
		}
	}
}