{
	"credit": "Made with Blockbench",
	"textures": {
		"0": "item/custom/lightsaber",
		"particle": "item/custom/lightsaber"
	},
	"elements": [
		{
			"name": "saber",
			"from": [7.25, 8, 7.25],
			"to": [8.25, 25, 8.25],
			"faces": {
				"north": {"uv": [0, 0, 1, 12], "texture": "#0"},
				"east": {"uv": [1, 0, 2, 12], "texture": "#0"},
				"south": {"uv": [2, 0, 3, 12], "texture": "#0"},
				"west": {"uv": [3, 0, 4, 12], "texture": "#0"},
				"up": {"uv": [5, 1, 4, 0], "texture": "#0"},
				"down": {"uv": [5, 1, 4, 2], "texture": "#0"}
			}
		},
		{
			"name": "handle",
			"from": [7, 0, 7],
			"to": [8.5, 8, 8.5],
			"faces": {
				"north": {"uv": [8, 0, 10, 12], "texture": "#0"},
				"east": {"uv": [10, 0, 12, 12], "texture": "#0"},
				"south": {"uv": [12, 0, 14, 12], "texture": "#0"},
				"west": {"uv": [14, 0, 16, 12], "texture": "#0"},
				"up": {"uv": [8, 12, 10, 14], "texture": "#0"},
				"down": {"uv": [10, 12, 12, 14], "texture": "#0"}
			}
		}
	],
	"display": {
		"thirdperson_righthand": {
			"translation": [0.25, 2, 2]
		}
	}
}