{
	"credit": "Made with Blockbench",
	"parent": "item/handheld",
    "textures": {
        "layer0": "minecraft:item/custom/poisoned_knife"
	},
	"display": {
		"thirdperson_righthand": {
			"rotation": [90, 90, -45],
			"translation": [0, 3.75, 0.25],
			"scale": [0.75, 0.75, 0.75]
		},
		"thirdperson_lefthand": {
			"rotation": [90, 90, -135],
			"translation": [0, 3.75, 0.25],
			"scale": [0.75, 0.75, 0.75]
		},
		"firstperson_righthand": {
			"rotation": [49, 90, 0],
			"translation": [0, 4.5, 3],
			"scale": [0.75, 0.75, 0.75]
		},
		"firstperson_lefthand": {
			"rotation": [50, -90, 0],
			"translation": [0, 4.5, 3],
			"scale": [0.75, 0.75, 0.75]
		},
		"ground": {
			"translation": [0, 2.5, 0],
			"scale": [0.75, 0.75, 0.75]
		},
		"gui": {
			"translation": [2, 2, 0]
		}
	},
	"groups": [
		{
			"name": "poison_dagger",
			"origin": [8, 8, 8],
			"color": 0,
			"children": []
		}
	]
}