{
	"credit": "Made with Blockbench",
	"textures": {
		"0": "block/cobblestone",
		"1": "block/barrel_side",
		"3": "block/anvil",
		"4": "block/red_concrete",
		"particle": "block/cobblestone"
	},
	"elements": [
		{
			"from": [6.75, 0, 6.75],
			"to": [8.25, 1, 8.25],
			"faces": {
				"north": {"uv": [0, 0, 1.5, 1], "texture": "#3"},
				"east": {"uv": [0, 0, 1.5, 1], "texture": "#3"},
				"south": {"uv": [0, 0, 1.5, 1], "texture": "#3"},
				"west": {"uv": [0, 0, 1.5, 1], "texture": "#3"},
				"up": {"uv": [0, 0, 1.5, 1.5], "texture": "#3"},
				"down": {"uv": [0, 0, 1.5, 1.5], "texture": "#3"}
			}
		},
		{
			"from": [6.5, 1, 6.5],
			"to": [8.5, 9, 8.5],
			"rotation": {"angle": 0, "axis": "y", "origin": [0, 2, 0]},
			"faces": {
				"north": {"uv": [3, 1, 5, 10], "texture": "#1"},
				"east": {"uv": [3, 1, 5, 10], "texture": "#1"},
				"south": {"uv": [3, 1, 5, 10], "texture": "#1"},
				"west": {"uv": [3, 1, 5, 10], "texture": "#1"},
				"up": {"uv": [3, 1, 5, 4], "texture": "#1"},
				"down": {"uv": [3, 1, 5, 4], "texture": "#1"}
			}
		},
		{
			"from": [6.5, 9, 5.5],
			"to": [8.5, 9.5, 9.5],
			"rotation": {"angle": 0, "axis": "y", "origin": [0, 2, 0]},
			"faces": {
				"north": {"uv": [0, 0, 2, 0.5], "texture": "#3"},
				"east": {"uv": [0, 0, 4, 0.5], "texture": "#3"},
				"south": {"uv": [0, 0, 2, 0.5], "texture": "#3"},
				"west": {"uv": [0, 0, 4, 0.5], "texture": "#3"},
				"up": {"uv": [0, 0, 2, 4], "texture": "#3"},
				"down": {"uv": [0, 0, 2, 4], "texture": "#3"}
			}
		},
		{
			"from": [7, 5, 5],
			"to": [8, 9, 5.75],
			"rotation": {"angle": 0, "axis": "y", "origin": [0, 2, 0]},
			"faces": {
				"north": {"uv": [0, 0, 1, 4], "texture": "#3"},
				"east": {"uv": [0, 0, 0.75, 4], "texture": "#3"},
				"south": {"uv": [0, 0, 1, 4], "texture": "#3"},
				"west": {"uv": [0, 0, 0.75, 4], "texture": "#3"},
				"up": {"uv": [0, 0, 1, 0.75], "texture": "#3"},
				"down": {"uv": [0, 0, 1, 0.75], "texture": "#3"}
			}
		},
		{
			"from": [7, 9, 6.5],
			"to": [8, 22, 8.5],
			"rotation": {"angle": 0, "axis": "y", "origin": [0, 2, 0]},
			"faces": {
				"north": {"uv": [0, 0, 1, 13], "texture": "#0"},
				"east": {"uv": [0, 0, 2, 13], "texture": "#0"},
				"south": {"uv": [0, 0, 1, 13], "texture": "#0"},
				"west": {"uv": [0, 0, 2, 13], "texture": "#0"},
				"up": {"uv": [0, 0, 1, 2], "texture": "#0"},
				"down": {"uv": [0, 0, 1, 2], "texture": "#0"}
			}
		},
		{
			"from": [7, 22, 7.5],
			"to": [8, 23, 8.5],
			"rotation": {"angle": 0, "axis": "y", "origin": [0, 4, 0]},
			"faces": {
				"north": {"uv": [0, 0, 1, 1], "texture": "#0"},
				"east": {"uv": [0, 0, 1, 1], "texture": "#0"},
				"south": {"uv": [0, 0, 1, 1], "texture": "#0"},
				"west": {"uv": [0, 0, 1, 1], "texture": "#0"},
				"up": {"uv": [0, 0, 1, 1], "texture": "#0"},
				"down": {"uv": [0, 0, 1, 1], "texture": "#0"}
			}
		},
		{
			"from": [6.25, 7.5, 5],
			"to": [8.75, 8, 9],
			"rotation": {"angle": 45, "axis": "x", "origin": [6, 7.5, 8]},
			"faces": {
				"north": {"uv": [0, 0, 2.5, 0.5], "rotation": 180, "texture": "#4"},
				"east": {"uv": [0, 0, 0.5, 4], "rotation": 90, "texture": "#4"},
				"south": {"uv": [0, 0, 2.5, 0.5], "texture": "#4"},
				"west": {"uv": [0, 0, 0.5, 4], "rotation": 270, "texture": "#4"},
				"up": {"uv": [0, 0, 2.5, 4], "texture": "#4"},
				"down": {"uv": [0, 0, 2.5, 4], "rotation": 180, "texture": "#4"}
			}
		},
		{
			"from": [6.25, 6.75, 6.75],
			"to": [8.75, 10.75, 7.25],
			"rotation": {"angle": 45, "axis": "x", "origin": [6, 7.75, 6.75]},
			"faces": {
				"north": {"uv": [0, 0, 2.5, 4], "texture": "#4"},
				"east": {"uv": [0, 0, 0.5, 4], "texture": "#4"},
				"south": {"uv": [0, 0, 2.5, 4], "texture": "#4"},
				"west": {"uv": [0, 0, 0.5, 4], "texture": "#4"},
				"up": {"uv": [0, 0, 2.5, 0.5], "texture": "#4"},
				"down": {"uv": [0, 0, 2.5, 0.5], "texture": "#4"}
			}
		}
	],
	"gui_light": "front",
	"display": {
		"thirdperson_righthand": {
			"translation": [0, 1.75, 2]
		},
		"thirdperson_lefthand": {
			"translation": [-1, 1.75, 2]
		},
		"firstperson_righthand": {
			"translation": [0, 1, 0]
		},
		"firstperson_lefthand": {
			"translation": [0, 1, 0]
		},
		"ground": {
			"translation": [0, 4.25, 0]
		},
		"gui": {
			"rotation": [-90, 45, 90],
			"translation": [2.25, -1.5, 0],
			"scale": [0.8, 0.8, 0.8]
		},
		"head": {
			"translation": [0, 14.25, 0]
		},
		"fixed": {
			"rotation": [0, -90, 0]
		}
	}
}